,post_address
赤羽店,〒115-0055　東京都北区赤羽西1-7-1
昭島店,〒196-0014　東京都昭島市田中町562-1
食品館阿佐谷店,No Address
綾瀬店,〒120-0005　東京都足立区綾瀬3-4-25
食品館梅島店,No Address
食品館王子店,No Address
大井町店,〒140-0014　東京都品川区大井1-3-6
大森店,〒143-0016　東京都大田区大森北2-13-1
アリオ葛西店,〒134-0084　東京都江戸川区東葛西9-3-3
金町店,〒125-0041　東京都葛飾区東金町1-10-8
上板橋店,〒174-0071　東京都板橋区常盤台4-26-1
アリオ亀有店,〒125-0061　東京都葛飾区亀有3-49-3
亀有駅前店,〒125-0061　東京都葛飾区亀有3-26-1
アリオ北砂店,〒136-0073　東京都江東区北砂2-17
木場店,〒135-0042　東京都江東区木場1-5-30
小岩店,〒133-0057　東京都江戸川区西小岩1-24-1
国領店,〒182-0022　東京都調布市国領町8-2-64
食品館石神井公園店,No Address
食品館新宿富久店,No Address
食品館千住店,No Address
高砂店,〒125-0054　東京都葛飾区高砂3-12-5
竹の塚店,〒121-0813　東京都足立区竹の塚5-17-1
食品館立石店,No Address
田無店,〒188-0011　東京都西東京市田無町2-1-1アスタビル2階
多摩センター店,〒206-0033　東京都多摩市落合1-44
食品館中野店,No Address
アリオ西新井店,〒123-0843　東京都足立区西新井栄町1-20-1
ザ・プライス西新井店,No Address
ネットスーパー西日暮里店,〒116-0013　東京都荒川区西日暮里6‐65-1
食品館練馬高野台店,No Address
拝島店,〒196-0003　東京都昭島市松原町3-2-12
八王子店,〒193-0941　東京都八王子市狭間町1462-1
東久留米店,〒203-0053　東京都東久留米市本町3-8-1
東村山店,〒189-0014　東京都東村山市本町2-2-19
東大和店,〒207-0022　東京都東大和市桜が丘2-142-1
曳舟店,〒131-0046　東京都墨田区京島1-2-1
南大沢店,〒192-0364　東京都八王子市南大沢2-28-1
食品館三ノ輪店,No Address
武蔵小金井店,〒184-0004　東京都小金井市本町6-14-9
武蔵境店,〒180-0023　東京都武蔵野市境南町2-2-20
四つ木店,〒124-0011　東京都葛飾区四つ木2-21-1
食品館早稲田店,No Address
食品館厚木店,No Address
伊勢原店,〒259-1132　神奈川県伊勢原市桜台1-8-1
大船店,〒247-0056　神奈川県鎌倉市大船6-1-1
小田原店,〒250-0872　神奈川県小田原市中里296-1
桂台店,〒247-0034　神奈川県横浜市栄区桂台中15-1
食品館上大岡店,No Address
上永谷店,〒233-0013　神奈川県横浜市港南区丸山台1-12
川崎店,〒210-0843　神奈川県川崎市川崎区小田栄2-2-1
川崎港町店,〒210-0807　神奈川県川崎市川崎区港町12-1
古淵店,〒252-0344　神奈川県相模原市南区古淵3-13-33
相模原店,〒252-0313　神奈川県相模原市南区松が枝町17-1
湘南台店,〒252-0815　神奈川県藤沢市石川6-2-1
ザ・プライス湘南台店,No Address
食品館ららぽーと湘南平塚店,〒254-0031　神奈川県平塚市天沼10−1
新百合ケ丘店,〒215-0021　神奈川県川崎市麻生区上麻生1-4-1
食品館瀬谷店,〒246-0014　神奈川県横浜市瀬谷区中央6-15
立場店,〒245-0015　神奈川県横浜市泉区中田西1-1-15
たまプラーザ店,〒225-0002　神奈川県横浜市青葉区美しが丘1-6-1
茅ヶ崎店,〒253-0044　神奈川県茅ヶ崎市新栄町11-8
綱島店,〒223-0053　神奈川県横浜市港北区綱島西2-8-1
鶴見店,〒230-0051　神奈川県横浜市鶴見区鶴見中央3-15-30
能見台店,〒236-0058　神奈川県横浜市金沢区能見台東3-1
アリオ橋本店,〒252-0146　神奈川県相模原市緑区大山町1-22
藤沢店,〒251-0025　神奈川県藤沢市鵠沼石上1-10-1
溝ノ口店,〒213-0011　神奈川県川崎市高津区久本3-6-20
グランツリ−武蔵小杉店,〒211-0004　神奈川県川崎市中原区新丸子東3-1135-1
武蔵小杉駅前店,〒211-0063　神奈川県川崎市中原区小杉町3-420
大和鶴間店,〒242-0001　神奈川県大和市下鶴間1丁目3番1号
洋光台店,〒235-0045　神奈川県横浜市磯子区洋光台3-10-3
ららぽーと横浜店,〒224-0053　神奈川県横浜市都筑区池辺町4035番1
横浜別所店,〒232-0064　神奈川県横浜市南区別所1-14-1
若葉台店,〒241-0801　神奈川県横浜市旭区若葉台3-7-1
姉崎店,〒299-0111　千葉県市原市姉崎645-1
我孫子店,〒270-1166　千葉県我孫子市我孫子4-11-1
我孫子南口店,〒270-1151　千葉県我孫子市本町3-2-1
アリオ市原店,〒290-0050　千葉県市原市更級四丁目3番2
食品館おおたかの森店,〒270-0139　千葉県流山市おおたかの森南1丁目5番地の1
柏店,〒277-0005　千葉県柏市柏2-15
アリオ柏店,〒277-0922　千葉県柏市大島田1丁目6-1
食品館鎌ヶ谷店,No Address
ザ・プライス五香店,No Address
アリオ蘇我店,〒260-0835　千葉県千葉市中央区川崎町52番地7
津田沼店,〒275-0016　千葉県習志野市津田沼1-10-30
流山店,〒270-0164　千葉県流山市流山9-800-2
ザ・プライス野田店,No Address
船橋店,〒273-0005　千葉県船橋市本町7-6-1
幕張店,〒262-0032　千葉県千葉市花見川区幕張町4-417-25
松戸店,〒271-0092　千葉県松戸市松戸1149
八千代店,〒276-0029　千葉県八千代市村上南1-3-1
八柱店,〒270-2253　千葉県松戸市日暮1-15-8
四街道店,〒284-0009　千葉県四街道市中央５番地
アリオ上尾店,〒362-0046　埼玉県上尾市大字壱丁目367番地
上尾駅前店,〒362-0042　埼玉県上尾市谷津2-1-1
浦和店,〒330-0062　埼玉県さいたま市浦和区仲町1-7-1
大宮店,〒330-0843　埼玉県さいたま市大宮区吉敷町4-263-1
大宮宮原店,〒331-0812　埼玉県さいたま市北区宮原町1-854-1
春日部店,〒344-0067　埼玉県春日部市中央1-13-1
加須店,〒347-0068　埼玉県加須市大門町20-58
アリオ川口店,〒332-0033　埼玉県川口市並木元町1-79
食品館川越店,〒350-0043　埼玉県川越市新富町1丁目20番地1号
久喜店,〒346-0003　埼玉県久喜市久喜中央4-9-11
食品館小手指店,No Address
食品館埼玉大井店,〒356-0044　埼玉県ふじみ野市西鶴ヶ岡1-3-15
食品館ららぽーと新三郷店,〒341-0009　埼玉県三郷市新三郷ららシティ3-1-1
ザ・プライスせんげん台店,No Address
草加店,〒340-0015　埼玉県草加市高砂2-7-1
アリオ深谷店,〒366-0052　埼玉県深谷市上柴町西4-2-14
三郷店,〒341-0050　埼玉県三郷市ピアラシティ一丁目1番地1
和光店,〒351-0112　埼玉県和光市丸山台1-9-3
アリオ鷲宮店,〒340-0212　埼玉県久喜市久本寺谷田7-1
日立店,〒317-0073　茨城県日立市幸町1-16-1
竜ヶ崎店,〒301-0044　茨城県龍ヶ崎市小柴5-1-2
宇都宮店,〒321-8555　栃木県宇都宮市陽東6-2-1
小山店,〒323-0022　栃木県小山市駅東通り2-3-15
伊勢崎店,〒372-0812　群馬県伊勢崎市連取町1507
